{
  "version": 1,
  "author": "Agum Gymnastiar",
  "editor": "wokwi",
  "parts": [
    { "type": "wokwi-arduino-uno", "id": "uno", "top": -76.2, "left": -269.4, "attrs": {} },
    {
      "type": "wokwi-photoresistor-sensor",
      "id": "ldr1",
      "top": -246.4,
      "left": -229.6,
      "attrs": {}
    },
    {
      "type": "wokwi-resistor",
      "id": "r1",
      "top": 186.35,
      "left": 9.6,
      "attrs": { "value": "220" }
    },
    {
      "type": "wokwi-resistor",
      "id": "r2",
      "top": -149.65,
      "left": -412.8,
      "attrs": { "value": "10000" }
    },
    {
      "type": "wokwi-led",
      "id": "led1",
      "top": -272.4,
      "left": -514.6,
      "attrs": { "color": "cyan" }
    }
  ],
  "connections": [
    [ "ldr1:VCC", "uno:5V", "red", [ "h96", "v374.4", "h-144" ] ],
    [ "ldr1:GND", "r1:2", "black", [ "h124.8", "v402.8", "h-57.6" ] ],
    [ "r1:1", "uno:GND.2", "green", [ "v0", "h-86.4" ] ],
    [ "led1:A", "r2:1", "green", [ "v0" ] ],
    [ "r2:2", "uno:13", "green", [ "v0", "h200.4" ] ],
    [ "led1:C", "uno:GND.1", "green", [ "v124.8", "h0.4" ] ],
    [ "ldr1:AO", "uno:A0", "green", [ "h76.8", "v335.3", "h-28.8" ] ]
  ],
  "dependencies": {}
}